Claim,Buyer Persona,Proof Point,Clearance Status
SentinelMesh reduces human cyber risk in real time.,CISO,Real-time human-risk scoring across the workforce,Cleared
SentinelMesh reduced human cyber risk in real time across regulated teams last quarter.,CISO,Real-time human-risk scoring across the workforce,Cleared
Catches the risky moment before a person clicks.,Security Engineer,Pre-click risk detection in the event stream,Cleared
Runs an adaptive simulation in the flow of work.,IT Director,In-context adaptive simulation engine,Cleared
Coaches the person in the moment with a card they can act on.,IT Director,In-the-moment coaching card,Cleared
Every coaching interaction is logged and reportable for regulated teams.,CISO,Immutable audit log with an exportable report,Cleared
"Deploys in days, not quarters.",IT Director,Median onboarding of six business days,Cleared
Cuts repeat risky behaviour by 60% in the first quarter.,CISO,2025 customer cohort study,In legal review — do not use
Works alongside your existing security stack.,Security Engineer,SIEM and SSO integrations,Cleared
No agent to install on the endpoint.,Security Engineer,Cloud and browser-native delivery,Cleared
Built for security leaders who have to defend the spend.,CISO,Board-ready reporting,Cleared
Turns policy into daily behaviour.,IT Director,Behaviour-change telemetry,Cleared
Quiet by design — it speaks only when it matters.,Security Engineer,"Low-noise, thresholded alerting",Cleared
Trusted by regulated enterprises on annual contracts.,CISO,Reference customers under NDA,Cleared
