Task code,Task name,Client brief,Deliverables,Auto verifiers,Human verifiers,Assets,Review page,S3 folder
SB3-046-LAY,Kantyna Nova - Private dining menu and campaign system,"Private-dining cards, menu and opening materials for Kantyna Nova

We set one table a night at Kantyna Nova: one tasting, one wine flight. The plates were photographed during service, and now the private-dining bookings, menu and opening materials need to look as considered as the room.

Please prepare
- Tasting and wine menu: 1 named export. The fourteen approved courses appear in order on page 1. The forty-two wine entries are present on page 2. The wine grouping supports the pour sequence.
- Private-dining partner deck: 1 named export. The deck explains the private-dining offer. The price build-up follows approved copy.
- Reservations information sheet: 1 named export. The reservation wording is reproduced accurately.
- Opening feed post: 1 named export. Kantyna Nova is visibly identified. The approved booking action is readable.
- Opening story: 1 named export. The booking action remains in the safe area. The restaurant name is legible.
- Opening announcement banner: 1 named export. The opening information is accurate. The food remains the focal point.
- Guest pairing card: 14 named exports. The photograph shows the guest's assigned course. The complete wine designation fits at trim.

Use the supplied approved copy and factual records. Permission restrictions in the owner's notes take precedence over inclusion in a source table.

Use the attached brand identity and the source files listed in the asset manifest. The output register defines exact filenames, pages, sizes and record bindings. Supporting previews are welcome but cannot replace those files.","Tasting and wine menu: 2 registered outputs
Private-dining partner deck: 2 registered outputs
Reservations information sheet: 2 registered outputs
Opening feed post: 2 registered outputs
Opening story: 2 registered outputs
Opening announcement banner: 2 registered outputs
Guest pairing card: 15 registered outputs",192,49,20,https://dhigdec.github.io/creative-ai-benchmark/gatsby-v5/#LAYOUT-01,s3://annotationprod/creative-ai-benchmark/v3.1/tasks/SB3-046-LAY__kantyna-nova-private-dining-menu-and-campaign-system/
SB3-047-LAY,Corner and Cure - Cold-case label system,"Cold-case labels and ordering tiles from our cafe's existing materials

Our sign is painted on a board screwed to the wall. Most of the food photographs were taken on a phone over the counter. Corner & Cure needs someone who can work carefully with those materials and turn them into a practical, consistent set.

Final handoff

 Cold-case label: 39 named exports. The allergen wording agrees with the approved item record. The item name is readable at label size.

 Marketplace item tile: 38 named exports. The photograph shows the named item. The restaurant identity does not obscure the dish.

Use the supplied approved copy and factual records. Permission restrictions in the owner's notes take precedence over inclusion in a source table.

Use the attached brand identity and the source files listed in the asset manifest. The output register defines exact filenames, pages, sizes and record bindings. Supporting previews are welcome but cannot replace those files.","Cold-case label: 40 registered outputs
Marketplace item tile: 39 registered outputs",538,305,41,https://dhigdec.github.io/creative-ai-benchmark/gatsby-v5/#LAYOUT-02,s3://annotationprod/creative-ai-benchmark/v3.1/tasks/SB3-047-LAY__corner-and-cure-cold-case-label-system/
SB3-048-LAY,Lumora Laboratories - Retail launch and paid social system,"Six-product retail launch: one image standard across store and paid social

Lumora Laboratories is preparing six products for specialty retail and a rebuilt store page. The photographs currently do not read as one line. We need the image foundations corrected and carried into editable launch material.

Scope
1. Retail product-page module: 6 named exports. The pack matches the named SKU. The approved benefit is readable.
2. Retail launch carousel: 6 named exports. The sequence differentiates the products. The brand appears on the opening page.
3. Paid social creative: 3 named exports. The approved product claim is unchanged. The shopping action is clear.

Use the supplied approved copy and factual records. Permission restrictions in the owner's notes take precedence over inclusion in a source table.

Use the attached brand identity and the source files listed in the asset manifest. The output register defines exact filenames, pages, sizes and record bindings. Supporting previews are welcome but cannot replace those files.","Retail product-page module: 7 registered outputs
Retail launch carousel: 7 registered outputs
Paid social creative: 4 registered outputs",69,60,11,https://dhigdec.github.io/creative-ai-benchmark/gatsby-v5/#LAYOUT-03,s3://annotationprod/creative-ai-benchmark/v3.1/tasks/SB3-048-LAY__lumora-laboratories-retail-launch-and-paid-social-system/
SB3-049-LAY,Northgrove - Wholesale lookbook and hang-tag system,"A ten-look wholesale hang-tag run with properly matched product photography

Northgrove's fall capsule is heading to stockists. Our immediate need is a dependable hang-tag pack: the correct piece, its own image and the full make note on every card. The photography comes from two mornings that do not yet look like the same collection.

What we need back
- Wholesale capsule lookbook: 1 named export. Styles are identified accurately. The page sequence supports wholesale selection.
- Garment hang tag: 11 named exports. The garment facts match this style. The care wording remains readable at tag size.

Use the supplied approved copy and factual records. Permission restrictions in the owner's notes take precedence over inclusion in a source table.

Use the attached brand identity and the source files listed in the asset manifest. The output register defines exact filenames, pages, sizes and record bindings. Supporting previews are welcome but cannot replace those files.","Wholesale capsule lookbook: 2 registered outputs
Garment hang tag: 12 registered outputs",134,25,18,https://dhigdec.github.io/creative-ai-benchmark/gatsby-v5/#LAYOUT-04,s3://annotationprod/creative-ai-benchmark/v3.1/tasks/SB3-049-LAY__northgrove-wholesale-lookbook-and-hang-tag-system/
SB3-050-LAY,Maison Valcere - Brand story deck and campaign document,"An appointment-season story deck with a consistent jewellery image library

Maison Valcere needs its house-story and campaign documents ready for the autumn appointment season. The bench photography spans two sittings, and it does not yet sit together as a collection.

The commission

 House-story presentation: 1 named export. The sequence communicates the house's approved story. The packaging shown matches the supplied artwork.

 House campaign poster: 1 named export. The campaign identifies Maison Valcere. The product remains recognisable.

 House campaign feed ad: 1 named export. The approved message is readable. The brand treatment reflects the stated price position.

 House campaign story: 1 named export. The action line remains inside the safe area.

Use the supplied approved copy and factual records. Permission restrictions in the owner's notes take precedence over inclusion in a source table.

Use the attached brand identity and the source files listed in the asset manifest. The output register defines exact filenames, pages, sizes and record bindings. Supporting previews are welcome but cannot replace those files.","House-story presentation: 2 registered outputs
House campaign poster: 2 registered outputs
House campaign feed ad: 2 registered outputs
House campaign story: 2 registered outputs",30,13,25,https://dhigdec.github.io/creative-ai-benchmark/gatsby-v5/#LAYOUT-05,s3://annotationprod/creative-ai-benchmark/v3.1/tasks/SB3-050-LAY__maison-valcere-brand-story-deck-and-campaign-document/
SB3-051-LAY,Nordheim Atelier - Showroom line-card system,"Showroom line cards for twelve looks, with a controlled editorial treatment

Nordheim Atelier is preparing for buyer appointments. Twelve looks were photographed over two days, including two outside as the light changed. We need one grey editorial treatment, but wool, shearling and gabardine must still read as different materials.

Deliverables
1. Showroom line card: 13 named exports. The pictured style matches this record. The photographed garment uses the fabric named in the Fabric Composition field. Material information is readable. The trade price is easy to locate.

Use the supplied approved copy and factual records. Permission restrictions in the owner's notes take precedence over inclusion in a source table.

Use the attached brand identity and the source files listed in the asset manifest. The output register defines exact filenames, pages, sizes and record bindings. Supporting previews are welcome but cannot replace those files.",Showroom line card: 14 registered outputs,138,38,19,https://dhigdec.github.io/creative-ai-benchmark/gatsby-v5/#LAYOUT-06,s3://annotationprod/creative-ai-benchmark/v3.1/tasks/SB3-051-LAY__nordheim-atelier-showroom-line-card-system/
SB3-052-LAY,Harbor Crest Realty - Open-house card campaign,"Listing photography and six agent cards for 14 Marlowe Crescent

Harbor Crest Realty needs the house to look consistent across the listing and the open-house cards. The shooter has returned the rooms as captured; wall colour and window handling now vary from room to room.

Please prepare
- Agent open-house card: 7 named exports. The agent portrait matches the record. The property details match the fact sheet. The contact line is readable.
- Open-house property presentation: 1 named export. The rooms are shown truthfully. The enquiry information is unambiguous.

Use the supplied approved copy and factual records. Permission restrictions in the owner's notes take precedence over inclusion in a source table.

Use the attached brand identity and the source files listed in the asset manifest. The output register defines exact filenames, pages, sizes and record bindings. Supporting previews are welcome but cannot replace those files.","Agent open-house card: 8 registered outputs
Open-house property presentation: 2 registered outputs",80,24,28,https://dhigdec.github.io/creative-ai-benchmark/gatsby-v5/#LAYOUT-07,s3://annotationprod/creative-ai-benchmark/v3.1/tasks/SB3-052-LAY__harbor-crest-realty-open-house-card-campaign/
SB3-053-LAY,Verranza Coastal Retreats - In-villa seasonal collateral,"Twelve seasonal villa cards and a coherent three-property image set

Looking at our Verranza photographs together, you could believe they describe three different holidays. Two trips, two photographers and a batch already edited elsewhere have left the collection inconsistent.

Final handoff

 In-villa seasonal card: 13 named exports. The season label matches this record. The villa information is unambiguous. The rate conditions are readable.

Use the supplied approved copy and factual records. Permission restrictions in the owner's notes take precedence over inclusion in a source table.

Use the attached brand identity and the source files listed in the asset manifest. The output register defines exact filenames, pages, sizes and record bindings. Supporting previews are welcome but cannot replace those files.",In-villa seasonal card: 14 registered outputs,138,38,32,https://dhigdec.github.io/creative-ai-benchmark/gatsby-v5/#LAYOUT-08,s3://annotationprod/creative-ai-benchmark/v3.1/tasks/SB3-053-LAY__verranza-coastal-retreats-in-villa-seasonal-collateral/
SB3-054-LAY,Nimbadesk - B2B sell-sheet system,"Nimbadesk launch collateral using the current product build

We need the sell sheets, pitch deck and launch social to look like one product. There are eleven product captures in the pack, but the first job is to establish which belong to the current build and how they should be presented consistently.

Scope
1. B2B product sell sheet: 4 named exports. The stated metric preserves its qualification. The UI is a faithful supplied capture.
2. Product pitch deck: 1 named export. The narrative explains the customer problem before the offer. The claims follow approved copy.
3. Product launch post: 3 named exports. The product name is clear. The request-demo action is visible.

Use the supplied approved copy and factual records. Permission restrictions in the owner's notes take precedence over inclusion in a source table.

Use the attached brand identity and the source files listed in the asset manifest. The output register defines exact filenames, pages, sizes and record bindings. Supporting previews are welcome but cannot replace those files.","B2B product sell sheet: 5 registered outputs
Product pitch deck: 2 registered outputs
Product launch post: 4 registered outputs",53,26,29,https://dhigdec.github.io/creative-ai-benchmark/gatsby-v5/#LAYOUT-09,s3://annotationprod/creative-ai-benchmark/v3.1/tasks/SB3-054-LAY__nimbadesk-b2b-sell-sheet-system/
SB3-055-LAY,Alderwood Scholars Fund - Multi-center appeal campaign,"Five-centre appeal banners with accurate local details and a recovered crest

Alderwood Scholars Fund needs one coordinated banner run for its five centres. The office must be able to trust each centre's name, address, hours and coordinator, not proofread five designs assembled independently from memory.

What we need back
- Recovered Alderwood crest master: 1 named export. The crest geometry matches eastgate_crest_sign.jpg. The complete crest remains inside the SVG viewBox.
- Centre appeal banner: 5 named exports. The beneficiary story matches the named centre. The programme amount agrees with the reconciled funding table. The donation action is readable.

Use the supplied approved copy and factual records. Permission restrictions in the owner's notes take precedence over inclusion in a source table.

Use the attached brand identity and the source files listed in the asset manifest. The output register defines exact filenames, pages, sizes and record bindings. Supporting previews are welcome but cannot replace those files.","Recovered Alderwood crest master: 1 registered output
Centre appeal banner: 6 registered outputs",27,34,46,https://dhigdec.github.io/creative-ai-benchmark/gatsby-v5/#LAYOUT-10,s3://annotationprod/creative-ai-benchmark/v3.1/tasks/SB3-055-LAY__alderwood-scholars-fund-multi-center-appeal-campaign/
SB3-056-LAY,Lanternwood Folk Fest - Performer credential system,"Performer laminates for Lanternwood, rebuilt from last year's printed artwork

Twenty-two people need correct performer laminates. Our designer left in 2024, and the usable starting point is last year's printed artwork. We need a production designer who will rebuild the run carefully, not carry last year's names or fields into new passes.

The commission

 Festival access credential: 22 named exports. The role and access areas match this person record. When a headshot is supplied, it belongs to the named person; otherwise the credential contains no invented portrait. The credential remains readable when worn.

Use the supplied approved copy and factual records. Permission restrictions in the owner's notes take precedence over inclusion in a source table.

Use the attached brand identity and the source files listed in the asset manifest. The output register defines exact filenames, pages, sizes and record bindings. Supporting previews are welcome but cannot replace those files.",Festival access credential: 23 registered outputs,237,65,19,https://dhigdec.github.io/creative-ai-benchmark/gatsby-v5/#LAYOUT-11,s3://annotationprod/creative-ai-benchmark/v3.1/tasks/SB3-056-LAY__lanternwood-folk-fest-performer-credential-system/
SB3-057-LAY,Umbra Loft - After Dark event campaign,"After Dark: a coherent poster and social campaign from six different nights

Umbra Loft's autumn programme needs to feel like a series, even though our six usable archive photographs were shot under six different lighting rigs. We want a strong two-colour and grain treatment that actually lives in the images, not a collection of unrelated pictures behind matching text.

Deliverables
1. After Dark poster direction: 3 named exports. The billing order follows the supplied list. The event information is readable.
2. Promoter pitch deck: 1 named export. The three directions are meaningfully distinct. The sequence explains the series identity.
3. Night release post: 9 named exports. The date matches this event. The advance price is readable.

Use the supplied approved copy and factual records. Permission restrictions in the owner's notes take precedence over inclusion in a source table.

Use the attached brand identity and the source files listed in the asset manifest. The output register defines exact filenames, pages, sizes and record bindings. Supporting previews are welcome but cannot replace those files.","After Dark poster direction: 4 registered outputs
Promoter pitch deck: 2 registered outputs
Night release post: 10 registered outputs",65,85,13,https://dhigdec.github.io/creative-ai-benchmark/gatsby-v5/#LAYOUT-12,s3://annotationprod/creative-ai-benchmark/v3.1/tasks/SB3-057-LAY__umbra-loft-after-dark-event-campaign/
SB3-058-LAY,Marisol Cove - Shoulder-season hospitality campaign,"Shoulder-season hospitality campaign built from carefully matched photography

Marisol Cove needs a shoulder-season campaign that reflects the light we actually have. Most of the coastal pictures will be licensed; the usable room photographs are ours. The work is to make them belong together, not to promise a different coast or a different property.

Please prepare
- Shoulder-season key visual: 1 named export. The pictured property is correctly identified. The tagline is exactly “The quiet side of the coast.” No date, discount or unlisted amenity is added.
- Hospitality booking story: 1 named export. The booking action stays inside the safe area.
- Seasonal offer card: 10 named exports. The words “Shoulder Rate” appear beside the supplied Shoulder Rate value. The property identity is visible.
- Seasonal hospitality brochure: 1 named export. The offer is understandable without the original brief. The property imagery is truthful.

Use the supplied approved copy and factual records. Permission restrictions in the owner's notes take precedence over inclusion in a source table.

Use the attached brand identity and the source files listed in the asset manifest. The output register defines exact filenames, pages, sizes and record bindings. Supporting previews are welcome but cannot replace those files.","Shoulder-season key visual: 2 registered outputs
Hospitality booking story: 2 registered outputs
Seasonal offer card: 11 registered outputs
Seasonal hospitality brochure: 2 registered outputs",65,83,16,https://dhigdec.github.io/creative-ai-benchmark/gatsby-v5/#LAYOUT-13,s3://annotationprod/creative-ai-benchmark/v3.1/tasks/SB3-058-LAY__marisol-cove-shoulder-season-hospitality-campaign/
SB3-059-LAY,Lumen Quarterly - Autumn editorial issue,"Lumen Quarterly's autumn issue, with an editable layout and recovered masthead

The editor will still be moving copy close to publication. Lumen Quarterly needs an autumn issue document that remains genuinely editable, supported by a coherent fourteen-frame photo essay and a usable version of our scanned masthead.

Final handoff

 Autumn editorial issue: 1 named export. The complete approved article is present. The image order follows the editorial sequence. The masthead preserves the approved lettering. The page hierarchy supports sustained reading.

 Editorial plate card: 15 named exports. The plate caption matches this record. If this record names a supplied picture, that picture appears on the card; otherwise the card contains no invented image.

Use the supplied approved copy and factual records. Permission restrictions in the owner's notes take precedence over inclusion in a source table.

Use the attached brand identity and the source files listed in the asset manifest. The output register defines exact filenames, pages, sizes and record bindings. Supporting previews are welcome but cannot replace those files.","Autumn editorial issue: 2 registered outputs
Editorial plate card: 16 registered outputs",153,35,20,https://dhigdec.github.io/creative-ai-benchmark/gatsby-v5/#LAYOUT-14,s3://annotationprod/creative-ai-benchmark/v3.1/tasks/SB3-059-LAY__lumen-quarterly-autumn-editorial-issue/
SB3-060-LAY,Aldervale Mutual - District insurance counter-card run,"Rebuild our insurance counter-card template and produce the district run

The printer who made Aldervale Mutual's counter cards has closed. We still have the press file and need a reusable production route, not a one-time approximation of the design.

Scope
1. District insurance counter card: 14 named exports. The compliance wording is reproduced without alteration. The contact information belongs to this producer. The complete Disclosure Text remains inside the card trim.

Use the supplied approved copy and factual records. Permission restrictions in the owner's notes take precedence over inclusion in a source table.

Use the attached brand identity and the source files listed in the asset manifest. The output register defines exact filenames, pages, sizes and record bindings. Supporting previews are welcome but cannot replace those files.",District insurance counter card: 15 registered outputs,162,41,18,https://dhigdec.github.io/creative-ai-benchmark/gatsby-v5/#LAYOUT-15,s3://annotationprod/creative-ai-benchmark/v3.1/tasks/SB3-060-LAY__aldervale-mutual-district-insurance-counter-card-run/
SB3-061-LAY,Anvil and Oak - Gym opening member collateral,"Athlete cards and spotlight portraits for our gym opening

Anvil & Oak needs opening-roster cards and a consistent portrait set. Sixteen members were photographed across three evenings, and the colour differences are obvious when the portraits sit on our dark ground.

What we need back
- Opening-roster athlete card: 17 named exports. The portrait belongs to the named athlete. The squat, bench and deadlift figures match this athlete record.
- Opening gym spotlight: 3 named exports. The gym identity is visible. The opening message follows approved copy.

Use the supplied approved copy and factual records. Permission restrictions in the owner's notes take precedence over inclusion in a source table.

Use the attached brand identity and the source files listed in the asset manifest. The output register defines exact filenames, pages, sizes and record bindings. Supporting previews are welcome but cannot replace those files.","Opening-roster athlete card: 18 registered outputs
Opening gym spotlight: 4 registered outputs",213,42,20,https://dhigdec.github.io/creative-ai-benchmark/gatsby-v5/#LAYOUT-16,s3://annotationprod/creative-ai-benchmark/v3.1/tasks/SB3-061-LAY__anvil-and-oak-gym-opening-member-collateral/
SB3-062-LAY,Apexguard - Product label and dealer collateral system,"Dealer-ready roll labels and bay imagery for Apexguard

Our dealer meetings need a reliable label system, not another set of labels assembled one by one. Apexguard has three tiers that should read as one family, and the current stock export must control the product information.

The commission

 Product roll label: 13 named exports. The tier is identified accurately. The complete warranty_statement remains inside the label trim.

 Dealer range brochure: 1 named export. The product tiers are easy to compare. The uses are supported by the approved range data.

Use the supplied approved copy and factual records. Permission restrictions in the owner's notes take precedence over inclusion in a source table.

Use the attached brand identity and the source files listed in the asset manifest. The output register defines exact filenames, pages, sizes and record bindings. Supporting previews are welcome but cannot replace those files.","Product roll label: 14 registered outputs
Dealer range brochure: 2 registered outputs",158,29,19,https://dhigdec.github.io/creative-ai-benchmark/gatsby-v5/#LAYOUT-17,s3://annotationprod/creative-ai-benchmark/v3.1/tasks/SB3-062-LAY__apexguard-product-label-and-dealer-collateral-system/
SB3-063-LAY,Kilnmore - Wholesale relaunch campaign,"Kilnmore wholesale relaunch: preserve the glazes across the full campaign

The relaunch needs to look like one Kilnmore range. We have fourteen captures from two very different mornings, covering thirteen pieces, and four glazes that customers must still be able to distinguish after correction.

Deliverables
1. Wholesale relaunch deck: 1 named export. The range story supports a trade buying conversation. The product facts are accurate.
2. Wholesale paid-social creative: 2 named exports. The trade enquiry action is visible.
3. Storefront range banner: 1 named export. Kilnmore is identified. The range remains recognisable.
4. Product specification tile: 13 named exports. The item geometry matches this record.
5. Wholesale range one-pager: 1 named export. The product hierarchy is clear.
6. Mark and type reference: 1 named export. The typography choices are identified accurately.

Use the supplied approved copy and factual records. Permission restrictions in the owner's notes take precedence over inclusion in a source table.

Use the attached brand identity and the source files listed in the asset manifest. The output register defines exact filenames, pages, sizes and record bindings. Supporting previews are welcome but cannot replace those files.","Wholesale relaunch deck: 2 registered outputs
Wholesale paid-social creative: 3 registered outputs
Storefront range banner: 2 registered outputs
Product specification tile: 14 registered outputs
Wholesale range one-pager: 2 registered outputs
Mark and type reference: 2 registered outputs",97,133,19,https://dhigdec.github.io/creative-ai-benchmark/gatsby-v5/#LAYOUT-18,s3://annotationprod/creative-ai-benchmark/v3.1/tasks/SB3-063-LAY__kilnmore-wholesale-relaunch-campaign/
SB3-064-LAY,Northwind Advisory - Team page and recruitment collateral,"Make eight advisers look like one firm across the site and leave-behind

Northwind Advisory's team photographs were taken on three separate mornings. At present, we look like three different firms. We need a coherent portrait treatment and the team page, capabilities leave-behind and announcement posts built around it.

Please prepare
- Advisory team-page composition: 1 named export. 
- Capabilities leave-behind: 1 named export. The sector offer is clearly structured. No unsupported credential is added.
- Recruitment announcement: 1 named export. The approved role or recruitment offer is clear. The application action is readable.

Use the supplied approved copy and factual records. Permission restrictions in the owner's notes take precedence over inclusion in a source table.

Use the attached brand identity and the source files listed in the asset manifest. The output register defines exact filenames, pages, sizes and record bindings. Supporting previews are welcome but cannot replace those files.","Advisory team-page composition: 2 registered outputs
Capabilities leave-behind: 2 registered outputs
Recruitment announcement: 2 registered outputs",22,25,19,https://dhigdec.github.io/creative-ai-benchmark/gatsby-v5/#LAYOUT-19,s3://annotationprod/creative-ai-benchmark/v3.1/tasks/SB3-064-LAY__northwind-advisory-team-page-and-recruitment-collateral/
SB3-065-LAY,[memorial subject] Memorial - Service print and remembrance set,"Memorial print and a memory book for [memorial subject]'s family

My father, [memorial subject], died in March. We are preparing the service and would like the printed pieces to sit alongside those from my mother's service in 2019. We have the old press files, a eulogy and a shoebox of scans spanning many years.

Final handoff

 Memorial keepsake card: 27 named exports. The memorial name is correct. The wording remains respectful.

 Framed memorial page: 1 named export. The dates agree with the family record. The portrait identity is preserved.

 Family memory book: 1 named export. The chronology follows the family notes. The eulogy is not rewritten. The images preserve documentary identity.

 Memorial share card: 1 named export. The memorial details are readable. The treatment is restrained.

Use the supplied approved copy and factual records. Permission restrictions in the owner's notes take precedence over inclusion in a source table.

Use the attached brand identity and the source files listed in the asset manifest. The output register defines exact filenames, pages, sizes and record bindings. Supporting previews are welcome but cannot replace those files.","Memorial keepsake card: 28 registered outputs
Framed memorial page: 2 registered outputs
Family memory book: 2 registered outputs
Memorial share card: 2 registered outputs",211,40,31,https://dhigdec.github.io/creative-ai-benchmark/gatsby-v5/#LAYOUT-20,s3://annotationprod/creative-ai-benchmark/v3.1/tasks/SB3-065-LAY__walter-fernwood-memorial-service-print-and-remembrance-set/
SB3-066-LAY,Harborline Realty - Weekly listing sheet system,"Restore a weekly property-sheet workflow from our retired printer's PDF

Every Monday, Harborline Realty prints a sheet for each active listing. The printer retired with the working file. We need the process rebuilt so the current list controls the output, while the starter homes and premium properties retain appropriate, distinct image treatments.

Scope
1. Weekly property listing sheet: 12 named exports. The photograph belongs to this listing. The listing status is current in the supplied register. The agent contact is clear.

Use the supplied approved copy and factual records. Permission restrictions in the owner's notes take precedence over inclusion in a source table.

Use the attached brand identity and the source files listed in the asset manifest. The output register defines exact filenames, pages, sizes and record bindings. Supporting previews are welcome but cannot replace those files.",Weekly property listing sheet: 13 registered outputs,171,35,15,https://dhigdec.github.io/creative-ai-benchmark/gatsby-v5/#LAYOUT-21,s3://annotationprod/creative-ai-benchmark/v3.1/tasks/SB3-066-LAY__harborline-realty-weekly-listing-sheet-system/
SB3-067-LAY,Cedarline Institute - Cohort credential system,"Two credential registers rebuilt into a checked autumn graduation run

Cedarline Institute needs credentials for completing candidates across two registers. We have press files from two closed print shops, and they may not convert into the same kind of working document.

What we need back
- Cohort credential: 28 named exports. The credential title follows the programme code. The recipient name fits without clipping. The seal is faithful to the authoritative reference.

Use the supplied approved copy and factual records. Permission restrictions in the owner's notes take precedence over inclusion in a source table.

Use the attached brand identity and the source files listed in the asset manifest. The output register defines exact filenames, pages, sizes and record bindings. Supporting previews are welcome but cannot replace those files.",Cohort credential: 29 registered outputs,312,83,11,https://dhigdec.github.io/creative-ai-benchmark/gatsby-v5/#LAYOUT-22,s3://annotationprod/creative-ai-benchmark/v3.1/tasks/SB3-067-LAY__cedarline-institute-cohort-credential-system/
SB3-068-LAY,Meridian Summit - Conference badge and wayfinding system,"Eighteen conference badges with portraits that match and records that do not drift

The Meridian Summit registration desk needs a correct badge for every attending delegate. We have eighteen self-submitted photographs and last year's venue-bureau PDF, but not its working file.

The commission

 Conference delegate badge: 20 named exports. The access category matches the registration. When a headshot is supplied, it belongs to the named delegate; otherwise the badge contains no invented portrait. The delegate name is readable when worn.

 Conference track direction sign: 3 named exports. The track name follows the approved track note. The arrow points in the specified direction.

Use the supplied approved copy and factual records. Permission restrictions in the owner's notes take precedence over inclusion in a source table.

Use the attached brand identity and the source files listed in the asset manifest. The output register defines exact filenames, pages, sizes and record bindings. Supporting previews are welcome but cannot replace those files.","Conference delegate badge: 21 registered outputs
Conference track direction sign: 4 registered outputs",234,67,22,https://dhigdec.github.io/creative-ai-benchmark/gatsby-v5/#LAYOUT-23,s3://annotationprod/creative-ai-benchmark/v3.1/tasks/SB3-068-LAY__meridian-summit-conference-badge-and-wayfinding-system/
SB3-069-LAY,Halden and Roe - Marlow trade catalog,"A reusable A4 trade catalogue for Halden & Roe's Marlow range

Sixteen pieces need to reach the trade show as one coherent Marlow range. Our studio photography covers two days, and the only page artwork is the flat PDF the printer made three seasons ago.

Deliverables
1. Marlow product trade sheet: 15 named exports. The photograph depicts this piece. The glaze description preserves its supplied qualification. The trade price is readable.
2. Trade catalogue cover and contents: 1 named export. The collection is identified. The contents use the item register order.

Use the supplied approved copy and factual records. Permission restrictions in the owner's notes take precedence over inclusion in a source table.

Use the attached brand identity and the source files listed in the asset manifest. The output register defines exact filenames, pages, sizes and record bindings. Supporting previews are welcome but cannot replace those files.","Marlow product trade sheet: 16 registered outputs
Trade catalogue cover and contents: 2 registered outputs",210,48,20,https://dhigdec.github.io/creative-ai-benchmark/gatsby-v5/#LAYOUT-24,s3://annotationprod/creative-ai-benchmark/v3.1/tasks/SB3-069-LAY__halden-and-roe-marlow-trade-catalog/
SB3-070-LAY,Aldervale Mutual - Personalized autumn renewal mailer,"Personalised renewal postcards, including eleven correctly separated producer files

For Aldervale Mutual's autumn renewal drop, each household must receive its own address, offer band and assigned producer's photograph. The starting point is the printer's PDF and our spreadsheet.

Please prepare
- Personalised autumn renewal mailer: 61 named exports. The addressee is correct. The offer wording matches the approved copy. The response instructions are readable.

Use the supplied approved copy and factual records. Permission restrictions in the owner's notes take precedence over inclusion in a source table.

Use the attached brand identity and the source files listed in the asset manifest. The output register defines exact filenames, pages, sizes and record bindings. Supporting previews are welcome but cannot replace those files.",Personalised autumn renewal mailer: 62 registered outputs,739,182,16,https://dhigdec.github.io/creative-ai-benchmark/gatsby-v5/#LAYOUT-25,s3://annotationprod/creative-ai-benchmark/v3.1/tasks/SB3-070-LAY__aldervale-mutual-personalized-autumn-renewal-mailer/
SB3-071-LAY,Lanternwood Folk Fest - Festival programme and wayfinding,"Festival programme production from fourteen artist submissions and two old pages

Lanternwood's programme needs one finished page per act, not fourteen different submission styles. We have the lineup sheet, fourteen artist photographs and two old printed programme pages to work from.

Final handoff

 Festival programme: 1 named export. The running order matches the approved lineup. Stage changes are easy to follow. Performer names are readable at print size.

 Festival wayfinding sign: 3 named exports. Use the approved destination and arrow direction for the Main stage, Acoustic stage and Information signs.

Use the supplied approved copy and factual records. Permission restrictions in the owner's notes take precedence over inclusion in a source table.

Use the attached brand identity and the source files listed in the asset manifest. The output register defines exact filenames, pages, sizes and record bindings. Supporting previews are welcome but cannot replace those files.","Festival programme: 2 registered outputs
Festival wayfinding sign: 4 registered outputs",26,12,20,https://dhigdec.github.io/creative-ai-benchmark/gatsby-v5/#LAYOUT-26,s3://annotationprod/creative-ai-benchmark/v3.1/tasks/SB3-071-LAY__lanternwood-folk-fest-festival-programme-and-wayfinding/
SB3-072-LAY,Girdermark - Technical data-sheet and bin-label library,"Technical sheets and bin labels from two separate legacy PDFs

Production request: Girdermark Components

Scope
1. Technical part data sheet: 18 named exports. The component photograph matches this part. Dimensions preserve their units.
2. Part bin label: 18 named exports. The part identifier is readable at rack distance. The label does not substitute a similar part.

Use the supplied approved copy and factual records. Permission restrictions in the owner's notes take precedence over inclusion in a source table.

Use the attached brand identity and the source files listed in the asset manifest. The output register defines exact filenames, pages, sizes and record bindings. Supporting previews are welcome but cannot replace those files.","Technical part data sheet: 19 registered outputs
Part bin label: 19 registered outputs",403,72,24,https://dhigdec.github.io/creative-ai-benchmark/gatsby-v5/#LAYOUT-27,s3://annotationprod/creative-ai-benchmark/v3.1/tasks/SB3-072-LAY__girdermark-technical-data-sheet-and-bin-label-library/
SB3-073-LAY,SEVE Botanicals - Cosmetic launch label system,"Nineteen cosmetic labels with exact ingredient copy and per-shade imagery

SEVE Botanicals needs a launch-label run across two price tiers. We have one physical sample photographed on a phone, nineteen drawdown images and a printer's flat PDF. The imagery needs careful preparation; the compliance copy is not open for creative rewriting.

What we need back
- Cosmetic launch label: 20 named exports. The ingredient wording matches approved copy. The BatchFormat value is present as an unobscured content element. The net contents value is readable.

Use the supplied approved copy and factual records. Permission restrictions in the owner's notes take precedence over inclusion in a source table.

Use the attached brand identity and the source files listed in the asset manifest. The output register defines exact filenames, pages, sizes and record bindings. Supporting previews are welcome but cannot replace those files.",Cosmetic launch label: 21 registered outputs,234,59,33,https://dhigdec.github.io/creative-ai-benchmark/gatsby-v5/#LAYOUT-28,s3://annotationprod/creative-ai-benchmark/v3.1/tasks/SB3-073-LAY__seve-botanicals-cosmetic-launch-label-system/
SB3-074-LAY,Rivermeadow Trust - Year-end donor acknowledgement system,"Replace our manual year-end donor letters with a dependable reusable system

Rivermeadow Trust's office manager spent three weeks preparing acknowledgements last year, and two donors were still missed. We need this December's letters and receipts produced correctly, plus templates the office can reuse next year by changing the data.

The commission

 Donor acknowledgement letter: 19 named exports. The salutation matches the donor record. The acknowledged amount is accurate.

 Donation receipt: 19 named exports. The receipt date is accurate. The donor identity is unambiguous.

Use the supplied approved copy and factual records. Permission restrictions in the owner's notes take precedence over inclusion in a source table.

Use the attached brand identity and the source files listed in the asset manifest. The output register defines exact filenames, pages, sizes and record bindings. Supporting previews are welcome but cannot replace those files.","Donor acknowledgement letter: 20 registered outputs
Donation receipt: 20 registered outputs",372,76,15,https://dhigdec.github.io/creative-ai-benchmark/gatsby-v5/#LAYOUT-29,s3://annotationprod/creative-ai-benchmark/v3.1/tasks/SB3-074-LAY__rivermeadow-trust-year-end-donor-acknowledgement-system/
SB3-075-LAY,Emberwell Brew House - Live insert and taproom collateral,"Two reusable menu templates for fourteen locations, not fourteen manual edits

Our managers have been retyping the same Emberwell insert in a word processor. That led to a customer finding a different flat-white price twenty minutes down the road. We need two controlled templates that take their local details and prices from the data.

Deliverables
1. Current-menu insert: 15 named exports. The availability wording matches the current record. The price is legible.
2. Taproom counter card: 15 named exports. The store details match this record. The offer is understandable at counter distance.

Use the supplied approved copy and factual records. Permission restrictions in the owner's notes take precedence over inclusion in a source table.

Use the attached brand identity and the source files listed in the asset manifest. The output register defines exact filenames, pages, sizes and record bindings. Supporting previews are welcome but cannot replace those files.","Current-menu insert: 16 registered outputs
Taproom counter card: 16 registered outputs",409,46,13,https://dhigdec.github.io/creative-ai-benchmark/gatsby-v5/#LAYOUT-30,s3://annotationprod/creative-ai-benchmark/v3.1/tasks/SB3-075-LAY__emberwell-brew-house-live-insert-and-taproom-collateral/
SB3-076-LAY,Cellar and Cru - Autumn shelf-talker campaign,"Autumn shelf talkers that match the bottles and the sellable wine list

Cellar & Cru's autumn selection goes onto the shelf as a collection. We have sixteen photographs covering fourteen wines, taken on two evenings, and an old printer's PDF for the shelf talker.

Please prepare
- Wine shelf talker: 15 named exports. The bottle image matches the named wine. The vintage is accurate. The origin is readable. The price is easy to locate.

Use the supplied approved copy and factual records. Permission restrictions in the owner's notes take precedence over inclusion in a source table.

Use the attached brand identity and the source files listed in the asset manifest. The output register defines exact filenames, pages, sizes and record bindings. Supporting previews are welcome but cannot replace those files.",Wine shelf talker: 16 registered outputs,174,44,22,https://dhigdec.github.io/creative-ai-benchmark/gatsby-v5/#LAYOUT-31,s3://annotationprod/creative-ai-benchmark/v3.1/tasks/SB3-076-LAY__cellar-and-cru-autumn-shelf-talker-campaign/
SB3-077-LAY,Vanguard Motors - Forecourt sales card system,"Forecourt cards for current stock, with honest paint and highlight handling

Vanguard Motors has fourteen cars on the forecourt, but the feed still includes vehicles sold or reserved. Please reconcile the stock before producing the A4 window cards. The photography also needs care: some panels were overexposed during the shoot.

Final handoff

 Forecourt sales card: 15 named exports. The pictured vehicle matches this stock number. The finance wording follows the approved text. The vehicle specification is readable.

Use the supplied approved copy and factual records. Permission restrictions in the owner's notes take precedence over inclusion in a source table.

Use the attached brand identity and the source files listed in the asset manifest. The output register defines exact filenames, pages, sizes and record bindings. Supporting previews are welcome but cannot replace those files.",Forecourt sales card: 16 registered outputs,215,44,23,https://dhigdec.github.io/creative-ai-benchmark/gatsby-v5/#LAYOUT-32,s3://annotationprod/creative-ai-benchmark/v3.1/tasks/SB3-077-LAY__vanguard-motors-forecourt-sales-card-system/
SB3-078-LAY,Continental Cup - Squad press and partner kit,"Expand our licensed player-card production to the full stocked squad

The licensing partner has taken the full Continental Cup squad. We now need the eighteen-player material reconciled against the stock roster and produced from last season's printer PDF.

Scope
1. Squad player press sheet: 19 named exports. The portrait belongs to the named player. The squad facts match the register.
2. Player partner graphic: 18 named exports. The player number is clear. The competition identity is visible.

Use the supplied approved copy and factual records. Permission restrictions in the owner's notes take precedence over inclusion in a source table.

Use the attached brand identity and the source files listed in the asset manifest. The output register defines exact filenames, pages, sizes and record bindings. Supporting previews are welcome but cannot replace those files.","Squad player press sheet: 20 registered outputs
Player partner graphic: 19 registered outputs",279,166,23,https://dhigdec.github.io/creative-ai-benchmark/gatsby-v5/#LAYOUT-33,s3://annotationprod/creative-ai-benchmark/v3.1/tasks/SB3-078-LAY__continental-cup-squad-press-and-partner-kit/
SB3-079-LAY,Ferncroft Nursery - Spring plant tag system,"Spring plant tags with four complete, non-overlapping department files

Ferncroft Nursery needs the spring tag run rebuilt from last year's printed artwork and the growers' spreadsheet. The approved run contains twenty-one stocked varieties across PER, HRB, SHR and SPC.

What we need back
- Plant variety tag: 22 named exports. The photograph depicts the named variety. The care instruction matches the authoritative register. The tag remains readable at rack size.
- Department tag production run: 4 named exports. Supply one press-ready subset for PER, HRB, SHR and SPC, with no tag repeated between department files.

Use the supplied approved copy and factual records. Permission restrictions in the owner's notes take precedence over inclusion in a source table.

Use the attached brand identity and the source files listed in the asset manifest. The output register defines exact filenames, pages, sizes and record bindings. Supporting previews are welcome but cannot replace those files.","Plant variety tag: 23 registered outputs
Department tag production run: 5 registered outputs",278,71,25,https://dhigdec.github.io/creative-ai-benchmark/gatsby-v5/#LAYOUT-34,s3://annotationprod/creative-ai-benchmark/v3.1/tasks/SB3-079-LAY__ferncroft-nursery-spring-plant-tag-system/
SB3-080-LAY,Marrow and Vane - Exhibition wall-label system,"Exhibition wall labels, reconciled artwork records and installer files by room

Marrow & Vane is hanging thirty-nine approved works. Reuse the spring printer's label construction, reconcile the interns' two photo shoots to the accession register, and package the final labels in the approved clockwise room order.

The commission

 Exhibition wall label: 40 named exports. The work identity matches this accession record. The artist attribution is accurate. The curatorial text is readable at installation distance.

 Room installer label file: 3 named exports. Supply one installer file per room in the approved clockwise hang order.

 Exhibition desk and press checklist: 1 named export. The checklist has separate sections for The Front Room, The Cabinet and The Long Gallery. The press contact is exactly “press@marrowandvane.example”.

Use the supplied approved copy and factual records. Permission restrictions in the owner's notes take precedence over inclusion in a source table.

Use the attached brand identity and the source files listed in the asset manifest. The output register defines exact filenames, pages, sizes and record bindings. Supporting previews are welcome but cannot replace those files.","Exhibition wall label: 41 registered outputs
Room installer label file: 4 registered outputs
Exhibition desk and press checklist: 2 registered outputs",658,167,50,https://dhigdec.github.io/creative-ai-benchmark/gatsby-v5/#LAYOUT-35,s3://annotationprod/creative-ai-benchmark/v3.1/tasks/SB3-080-LAY__marrow-and-vane-exhibition-wall-label-system/
