Unit,Floor,Square Feet,Exposure,Ceiling Height,Outdoor Space,Price,Availability,Picture
Garden Residence,1,"3,050","South, East",11 ft 6 in,"Private garden, 620 sq ft","$4,250,000",Available,sterlingrow_residence_still_08.jpg
Residence Two,2,"3,150","North, West",11 ft 6 in,Juliet balcony,"$4,650,000",Under contract,sterlingrow_residence_still_01.jpg
Residence Three,3,"3,240","South, West",11 ft 6 in,Juliet balcony,"$5,100,000",Available,sterlingrow_residence_still_02.jpg
Residence Four,4,"3,320","North, East",12 ft 0 in,None,"$5,600,000",Available,sterlingrow_residence_still_03.jpg
Residence Five,5,"3,480","South, East, West",12 ft 0 in,Juliet balcony,"$6,250,000",Available,sterlingrow_residence_still_04.jpg
Residence Six,6,"3,560","North, South",12 ft 0 in,None,"$6,950,000",Under contract,sterlingrow_residence_still_05.jpg
Residence Seven,7,"3,720","South, West",12 ft 6 in,Juliet balcony,"$7,800,000",Available,sterlingrow_residence_still_06.jpg
Residence Eight,8,"3,880","North, South, East",12 ft 6 in,"Terrace, 180 sq ft","$8,900,000",Available,sterlingrow_residence_still_07.jpg
The Penthouse,9,"4,300","North, South, East, West",14 ft 0 in,"Private terrace, 900 sq ft","$18,500,000",Available,sterlingrow_residence_still_01.jpg
