date,headline,support,door,set,price,stage_note,image
2026-09-25,Sable Quartet,Odette Lang,8:00 PM,9:00 PM,$28,Two sets one interval,seasoncard_img_01.jpg
2026-09-26,Meridian Brass,The Tin Ravens,8:30 PM,9:15 PM,$32,"Brass night, late curfew",seasoncard_img_02.jpg
2026-10-02,Night Ferry,Junior Vale,8:00 PM,9:00 PM,$26,Standing room only,seasoncard_img_03.jpg
2026-10-03,The Blue Hour,Coral Sound,8:00 PM,9:00 PM,$24,"Residency, seated",seasoncard_img_04.jpg
2026-10-04,The Blue Hour,Coral Sound,8:00 PM,9:00 PM,$24,"Residency, seated",seasoncard_img_04.jpg
2026-10-09,Vespertine,Marlow Reyes,8:00&nbsp;PM,9:00 PM,$22,Seated show,seasoncard_img_05.jpg
2026-10-10,The Eastons,Half Light,8:30 PM,9:30 PM,$28,Late night,seasoncard_img_06.jpg
2026-10-16,Koa,The Undertow,8:00 PM,9:00 PM,$24,Two sets,seasoncard_img_07.jpg
2026-10-17,Laurel and the Dive,Ferro,8:30 PM,9:15 PM,$26,Closing night,seasoncard_img_08.jpg
