Legal Name,Preferred Name,Title,Credentials,Sectors,Direct Dial,Email,Status,Portrait
Eleanor Whitcombe,Eleanor Whitcombe,Managing Partner,"CFA, CAIA",Endowments & Foundations,+1 617 555 0142,eleanor.whitcombe@northwindadvisory.com,Active,IMG_4471.JPG
Anders Solberg,Anders Solberg,Partner,CFA CIMA,Public Equities,+1 617 555 0143,anders.solberg@northwindadvisory.com,Active,IMG_4472.JPG
Willem van der Meer,Willem van der Meer,Partner,C.F.A.,Fixed Income & Liquidity,+1 617 555 0144,willem.vandermeer@northwindadvisory.com,Active,IMG_4475.JPG
Frederick A. Lindqvist,Frederick Lindqvist,Partner,"CFP, CFA",Private Markets & Alternatives,+1 617 555 0148,fred.lindqvist@northwindadvisory.com,Active,DSC_0088.jpg
Katherine M. Ashworth,Katherine Ashworth,Partner,CFP,Investment Policy & Governance,+1 617 555 0151,kate.ashworth@northwindadvisory.com,Active,DSC_0091.jpg
Marguerite Aubert,Marguerite Aubert,Partner,"CFA, CPA",Endowments & Foundations,+1 617 555 0155,marguerite.aubert@northwindadvisory.com,Active,IMG_4480.JPG
Ramón Delgado,Ramón Delgado,Partner,C.A.I.A.,Family Capital & Multi-Generational Wealth,+1 617 555 0159,ramon.delgado@northwindadvisory.com,Active,IMG_4483.JPG
Tobias Hartmann,Tobias Hartmann,Partner,CFA CFP,Family Capital & Multi-Generational Wealth,+1 617 555 0162,tobias.hartmann@northwindadvisory.com,Active,photo.jpg
Julian Mercer,Julian Mercer,Associate,CFA,Public Equities,+1 617 555 0170,julian.mercer@northwindadvisory.com,Active,IMG_4490.JPG
